[{
    "label": "北京",
    "value": 1,
    "children": [{
        "label": "东城区",
        "value": 1
    }, {
        "label": "西城区",
        "value": 2
    }, {
        "label": "崇文区",
        "value": 3
    }, {
        "label": "宣武区",
        "value": 4
    }, {
        "label": "朝阳区",
        "value": 5
    }, {
        "label": "丰台区",
        "value": 6
    }, {
        "label": "石景山区",
        "value": 7
    }, {
        "label": "海淀区",
        "value": 8
    }, {
        "label": "门头沟区",
        "value": 9
    }, {
        "label": "房山区",
        "value": 10
    }, {
        "label": "通州区",
        "value": 11
    }, {
        "label": "顺义区",
        "value": 12
    }, {
        "label": "昌平区",
        "value": 13
    }, {
        "label": "大兴区",
        "value": 14
    }, {
        "label": "平谷区",
        "value": 15
    }, {
        "label": "怀柔区",
        "value": 16
    }, {
        "label": "密云县",
        "value": 17
    }, {
        "label": "延庆县",
        "value": 18
    }]
}, {
    "label": "天津",
    "value": 2,
    "children": [{
        "label": "和平区",
        "value": 19
    }, {
        "label": "河东区",
        "value": 20
    }, {
        "label": "河西区",
        "value": 21
    }, {
        "label": "南开区",
        "value": 22
    }, {
        "label": "河北区",
        "value": 23
    }, {
        "label": "红桥区",
        "value": 24
    }, {
        "label": "塘沽区",
        "value": 25
    }, {
        "label": "汉沽区",
        "value": 26
    }, {
        "label": "大港区",
        "value": 27
    }, {
        "label": "东丽区",
        "value": 28
    }, {
        "label": "西青区",
        "value": 29
    }, {
        "label": "津南区",
        "value": 30
    }, {
        "label": "北辰区",
        "value": 31
    }, {
        "label": "武清区",
        "value": 32
    }, {
        "label": "宝坻区",
        "value": 33
    }, {
        "label": "宁河县",
        "value": 34
    }, {
        "label": "静海县",
        "value": 35
    }, {
        "label": "蓟 县",
        "value": 36
    }]
}, {
    "label": "河北",
    "value": 3,
    "children": [{
        "label": "石家庄",
        "value": 37
    }, {
        "label": "唐山",
        "value": 38
    }, {
        "label": "秦皇岛",
        "value": 39
    }, {
        "label": "邯郸",
        "value": 40
    }, {
        "label": "邢台",
        "value": 41
    }, {
        "label": "保定",
        "value": 42
    }, {
        "label": "张家口",
        "value": 43
    }, {
        "label": "承德",
        "value": 44
    }, {
        "label": "沧州",
        "value": 45
    }, {
        "label": "廊坊",
        "value": 46
    }, {
        "label": "衡水",
        "value": 47
    }]
}, {
    "label": "山西",
    "value": 4,
    "children": [{
        "label": "太原",
        "value": 48
    }, {
        "label": "大同",
        "value": 49
    }, {
        "label": "阳泉",
        "value": 50
    }, {
        "label": "长治",
        "value": 51
    }, {
        "label": "晋城",
        "value": 52
    }, {
        "label": "朔州",
        "value": 53
    }, {
        "label": "忻州",
        "value": 54
    }, {
        "label": "吕梁",
        "value": 55
    }, {
        "label": "晋中",
        "value": 56
    }, {
        "label": "临汾",
        "value": 57
    }, {
        "label": "运城",
        "value": 58
    }]
}, {
    "label": "内蒙古",
    "value": 5,
    "children": [{
        "label": "呼和浩特",
        "value": 59
    }, {
        "label": "包头",
        "value": 60
    }, {
        "label": "乌海",
        "value": 61
    }, {
        "label": "赤峰",
        "value": 62
    }, {
        "label": "呼伦贝尔",
        "value": 63
    }, {
        "label": "兴安盟",
        "value": 64
    }, {
        "label": "通辽",
        "value": 65
    }, {
        "label": "锡林郭勒盟",
        "value": 66
    }, {
        "label": "乌兰察布盟",
        "value": 67
    }, {
        "label": "伊克昭盟",
        "value": 68
    }, {
        "label": "巴彦淖尔盟",
        "value": 69
    }, {
        "label": "阿拉善盟",
        "value": 70
    }]
}, {
    "label": "辽宁",
    "value": 6,
    "children": [{
        "label": "沈阳",
        "value": 71
    }, {
        "label": "大连",
        "value": 72
    }, {
        "label": "鞍山",
        "value": 73
    }, {
        "label": "抚顺",
        "value": 74
    }, {
        "label": "本溪",
        "value": 75
    }, {
        "label": "丹东",
        "value": 76
    }, {
        "label": "锦州",
        "value": 77
    }, {
        "label": "营口",
        "value": 78
    }, {
        "label": "阜新",
        "value": 79
    }, {
        "label": "辽阳",
        "value": 80
    }, {
        "label": "盘锦",
        "value": 81
    }, {
        "label": "铁岭",
        "value": 82
    }, {
        "label": "朝阳",
        "value": 83
    }, {
        "label": "葫芦岛",
        "value": 84
    }, {
        "label": "其他",
        "value": 85
    }]
}, {
    "label": "吉林",
    "value": 7,
    "children": [{
        "label": "长春",
        "value": 86
    }, {
        "label": "吉林",
        "value": 87
    }, {
        "label": "四平",
        "value": 88
    }, {
        "label": "辽源",
        "value": 89
    }, {
        "label": "通化",
        "value": 90
    }, {
        "label": "白山",
        "value": 91
    }, {
        "label": "松原",
        "value": 92
    }, {
        "label": "白城",
        "value": 93
    }, {
        "label": "延边朝鲜族自治州",
        "value": 94
    }, {
        "label": "其他",
        "value": 95
    }]
}, {
    "label": "黑龙江",
    "value": 8,
    "children": [{
        "label": "哈尔滨",
        "value": 96
    }, {
        "label": "齐齐哈尔",
        "value": 97
    }, {
        "label": "鹤岗",
        "value": 98
    }, {
        "label": "双鸭山",
        "value": 99
    }, {
        "label": "鸡西",
        "value": 100
    }, {
        "label": "大庆",
        "value": 101
    }, {
        "label": "伊春",
        "value": 102
    }, {
        "label": "牡丹江",
        "value": 103
    }, {
        "label": "佳木斯",
        "value": 104
    }, {
        "label": "七台河",
        "value": 105
    }, {
        "label": "黑河",
        "value": 106
    }, {
        "label": "绥化",
        "value": 107
    }, {
        "label": "大兴安岭地区",
        "value": 108
    }, {
        "label": "其他",
        "value": 109
    }]
}, {
    "label": "上海",
    "value": 9,
    "children": [{
        "label": "黄浦区",
        "value": 110
    }, {
        "label": "卢湾区",
        "value": 111
    }, {
        "label": "徐汇区",
        "value": 112
    }, {
        "label": "长宁区",
        "value": 113
    }, {
        "label": "静安区",
        "value": 114
    }, {
        "label": "普陀区",
        "value": 115
    }, {
        "label": "闸北区",
        "value": 116
    }, {
        "label": "虹口区",
        "value": 117
    }, {
        "label": "杨浦区",
        "value": 118
    }, {
        "label": "宝山区",
        "value": 119
    }, {
        "label": "闵行区",
        "value": 120
    }, {
        "label": "嘉定区",
        "value": 121
    }, {
        "label": "松江区",
        "value": 122
    }, {
        "label": "金山区",
        "value": 123
    }, {
        "label": "青浦区",
        "value": 124
    }, {
        "label": "南汇区",
        "value": 125
    }, {
        "label": "奉贤区",
        "value": 126
    }, {
        "label": "浦东新区",
        "value": 127
    }, {
        "label": "崇明县",
        "value": 128
    }, {
        "label": "其他",
        "value": 129
    }]
}, {
    "label": "江苏",
    "value": 10,
    "children": [{
        "label": "南京",
        "value": 130
    }, {
        "label": "苏州",
        "value": 131
    }, {
        "label": "无锡",
        "value": 132
    }, {
        "label": "常州",
        "value": 133
    }, {
        "label": "镇江",
        "value": 134
    }, {
        "label": "南通",
        "value": 135
    }, {
        "label": "泰州",
        "value": 136
    }, {
        "label": "扬州",
        "value": 137
    }, {
        "label": "盐城",
        "value": 138
    }, {
        "label": "连云港",
        "value": 139
    }, {
        "label": "徐州",
        "value": 140
    }, {
        "label": "淮安",
        "value": 141
    }, {
        "label": "宿迁",
        "value": 142
    }, {
        "label": "其他",
        "value": 143
    }]
}, {
    "label": "浙江",
    "value": 11,
    "children": [{
        "label": "杭州",
        "value": 144
    }, {
        "label": "宁波",
        "value": 145
    }, {
        "label": "温州",
        "value": 146
    }, {
        "label": "嘉兴",
        "value": 147
    }, {
        "label": "湖州",
        "value": 148
    }, {
        "label": "绍兴",
        "value": 149
    }, {
        "label": "金华",
        "value": 150
    }, {
        "label": "衢州",
        "value": 151
    }, {
        "label": "舟山",
        "value": 152
    }, {
        "label": "台州",
        "value": 153
    }, {
        "label": "丽水",
        "value": 154
    }, {
        "label": "其他",
        "value": 155
    }]
}, {
    "label": "安徽",
    "value": 12,
    "children": [{
        "label": "合肥",
        "value": 156
    }, {
        "label": "芜湖",
        "value": 157
    }, {
        "label": "蚌埠",
        "value": 158
    }, {
        "label": "淮南",
        "value": 159
    }, {
        "label": "马鞍山",
        "value": 160
    }, {
        "label": "淮北",
        "value": 161
    }, {
        "label": "铜陵",
        "value": 162
    }, {
        "label": "安庆",
        "value": 163
    }, {
        "label": "黄山",
        "value": 164
    }, {
        "label": "滁州",
        "value": 165
    }, {
        "label": "阜阳",
        "value": 166
    }, {
        "label": "宿州",
        "value": 167
    }, {
        "label": "巢湖",
        "value": 168
    }, {
        "label": "六安",
        "value": 169
    }, {
        "label": "亳州",
        "value": 170
    }, {
        "label": "池州",
        "value": 171
    }, {
        "label": "宣城",
        "value": 172
    }, {
        "label": "其他",
        "value": 173
    }]
}, {
    "label": "福建",
    "value": 13,
    "children": [{
        "label": "福州",
        "value": 174
    }, {
        "label": "厦门",
        "value": 175
    }, {
        "label": "莆田",
        "value": 176
    }, {
        "label": "三明",
        "value": 177
    }, {
        "label": "泉州",
        "value": 178
    }, {
        "label": "漳州",
        "value": 179
    }, {
        "label": "南平",
        "value": 180
    }, {
        "label": "龙岩",
        "value": 181
    }, {
        "label": "宁德",
        "value": 182
    }, {
        "label": "其他",
        "value": 183
    }]
}, {
    "label": "江西",
    "value": 14,
    "children": [{
        "label": "南昌",
        "value": 184
    }, {
        "label": "景德镇",
        "value": 185
    }, {
        "label": "萍乡",
        "value": 186
    }, {
        "label": "九江",
        "value": 187
    }, {
        "label": "新余",
        "value": 188
    }, {
        "label": "鹰潭",
        "value": 189
    }, {
        "label": "赣州",
        "value": 190
    }, {
        "label": "吉安",
        "value": 191
    }, {
        "label": "宜春",
        "value": 192
    }, {
        "label": "抚州",
        "value": 193
    }, {
        "label": "上饶",
        "value": 194
    }, {
        "label": "其他",
        "value": 195
    }]
}, {
    "label": "山东",
    "value": 15,
    "children": [{
        "label": "济南",
        "value": 196
    }, {
        "label": "青岛",
        "value": 197
    }, {
        "label": "淄博",
        "value": 198
    }, {
        "label": "枣庄",
        "value": 199
    }, {
        "label": "东营",
        "value": 200
    }, {
        "label": "烟台",
        "value": 201
    }, {
        "label": "潍坊",
        "value": 202
    }, {
        "label": "济宁",
        "value": 203
    }, {
        "label": "泰安",
        "value": 204
    }, {
        "label": "威海",
        "value": 205
    }, {
        "label": "日照",
        "value": 206
    }, {
        "label": "莱芜",
        "value": 207
    }, {
        "label": "临沂",
        "value": 208
    }, {
        "label": "德州",
        "value": 209
    }, {
        "label": "聊城",
        "value": 210
    }, {
        "label": "滨州",
        "value": 211
    }, {
        "label": "菏泽",
        "value": 212
    }, {
        "label": "其他",
        "value": 213
    }]
}, {
    "label": "河南",
    "value": 16,
    "children": [{
        "label": "郑州",
        "value": 214
    }, {
        "label": "开封",
        "value": 215
    }, {
        "label": "洛阳",
        "value": 216
    }, {
        "label": "平顶山",
        "value": 217
    }, {
        "label": "安阳",
        "value": 218
    }, {
        "label": "鹤壁",
        "value": 219
    }, {
        "label": "新乡",
        "value": 220
    }, {
        "label": "焦作",
        "value": 221
    }, {
        "label": "濮阳",
        "value": 222
    }, {
        "label": "许昌",
        "value": 223
    }, {
        "label": "漯河",
        "value": 224
    }, {
        "label": "三门峡",
        "value": 225
    }, {
        "label": "南阳",
        "value": 226
    }, {
        "label": "商丘",
        "value": 227
    }, {
        "label": "信阳",
        "value": 228
    }, {
        "label": "周口",
        "value": 229
    }, {
        "label": "驻马店",
        "value": 230
    }, {
        "label": "焦作",
        "value": 231
    }, {
        "label": "其他",
        "value": 232
    }]
}, {
    "label": "湖北",
    "value": 17,
    "children": [{
        "label": "武汉",
        "value": 233
    }, {
        "label": "黄石",
        "value": 234
    }, {
        "label": "十堰",
        "value": 235
    }, {
        "label": "荆州",
        "value": 236
    }, {
        "label": "宜昌",
        "value": 237
    }, {
        "label": "襄樊",
        "value": 238
    }, {
        "label": "鄂州",
        "value": 239
    }, {
        "label": "荆门",
        "value": 240
    }, {
        "label": "孝感",
        "value": 241
    }, {
        "label": "黄冈",
        "value": 242
    }, {
        "label": "咸宁",
        "value": 243
    }, {
        "label": "随州",
        "value": 244
    }, {
        "label": "恩施土家族苗族自治州",
        "value": 245
    }, {
        "label": "仙桃",
        "value": 246
    }, {
        "label": "天门",
        "value": 247
    }, {
        "label": "潜江",
        "value": 248
    }, {
        "label": "神农架林区",
        "value": 249
    }, {
        "label": "其他",
        "value": 250
    }]
}, {
    "label": "湖南",
    "value": 18,
    "children": [{
        "label": "长沙",
        "value": 251
    }, {
        "label": "株洲",
        "value": 252
    }, {
        "label": "湘潭",
        "value": 253
    }, {
        "label": "衡阳",
        "value": 254
    }, {
        "label": "邵阳",
        "value": 255
    }, {
        "label": "岳阳",
        "value": 256
    }, {
        "label": "常德",
        "value": 257
    }, {
        "label": "张家界",
        "value": 258
    }, {
        "label": "益阳",
        "value": 259
    }, {
        "label": "郴州",
        "value": 260
    }, {
        "label": "永州",
        "value": 261
    }, {
        "label": "怀化",
        "value": 262
    }, {
        "label": "娄底",
        "value": 263
    }, {
        "label": "湘西土家族苗族自治州",
        "value": 264
    }, {
        "label": "其他",
        "value": 265
    }]
}, {
    "label": "广东",
    "value": 19,
    "children": [{
        "label": "广州",
        "value": 266
    }, {
        "label": "深圳",
        "value": 267
    }, {
        "label": "东莞",
        "value": 268
    }, {
        "label": "中山",
        "value": 269
    }, {
        "label": "潮州",
        "value": 270
    }, {
        "label": "揭阳",
        "value": 271
    }, {
        "label": "云浮",
        "value": 272
    }, {
        "label": "珠海",
        "value": 273
    }, {
        "label": "汕头",
        "value": 274
    }, {
        "label": "韶关",
        "value": 275
    }, {
        "label": "佛山",
        "value": 276
    }, {
        "label": "江门",
        "value": 277
    }, {
        "label": "湛江",
        "value": 278
    }, {
        "label": "茂名",
        "value": 279
    }, {
        "label": "肇庆",
        "value": 280
    }, {
        "label": "惠州",
        "value": 281
    }, {
        "label": "梅州",
        "value": 282
    }, {
        "label": "汕尾",
        "value": 283
    }, {
        "label": "河源",
        "value": 284
    }, {
        "label": "阳江",
        "value": 285
    }, {
        "label": "清远",
        "value": 286
    }]
}, {
    "label": "广西",
    "value": 20,
    "children": [{
        "label": "南宁",
        "value": 287
    }, {
        "label": "柳州",
        "value": 288
    }, {
        "label": "桂林",
        "value": 289
    }, {
        "label": "梧州",
        "value": 290
    }, {
        "label": "北海",
        "value": 291
    }, {
        "label": "防城港",
        "value": 292
    }, {
        "label": "钦州",
        "value": 293
    }, {
        "label": "贵港",
        "value": 294
    }, {
        "label": "玉林",
        "value": 295
    }, {
        "label": "百色",
        "value": 296
    }, {
        "label": "贺州",
        "value": 297
    }, {
        "label": "河池",
        "value": 298
    }, {
        "label": "来宾",
        "value": 299
    }, {
        "label": "崇左",
        "value": 300
    }, {
        "label": "其他",
        "value": 301
    }]
}, {
    "label": "海南",
    "value": 21,
    "children": [{
        "label": "海口",
        "value": 302
    }, {
        "label": "三亚",
        "value": 303
    }, {
        "label": "五指山",
        "value": 304
    }, {
        "label": "琼海",
        "value": 305
    }, {
        "label": "儋州",
        "value": 306
    }, {
        "label": "文昌",
        "value": 307
    }, {
        "label": "万宁",
        "value": 308
    }, {
        "label": "东方",
        "value": 309
    }, {
        "label": "澄迈县",
        "value": 310
    }, {
        "label": "定安县",
        "value": 311
    }, {
        "label": "屯昌县",
        "value": 312
    }, {
        "label": "临高县",
        "value": 313
    }, {
        "label": "白沙黎族自治县",
        "value": 314
    }, {
        "label": "昌江黎族自治县",
        "value": 315
    }, {
        "label": "乐东黎族自治县",
        "value": 316
    }, {
        "label": "陵水黎族自治县",
        "value": 317
    }, {
        "label": "保亭黎族苗族自治县",
        "value": 318
    }, {
        "label": "琼中黎族苗族自治县",
        "value": 319
    }, {
        "label": "其他",
        "value": 320
    }]
}, {
    "label": "重庆",
    "value": 22,
    "children": [{
        "label": "渝中区",
        "value": 321
    }, {
        "label": "大渡口区",
        "value": 322
    }, {
        "label": "江北区",
        "value": 323
    }, {
        "label": "南岸区",
        "value": 324
    }, {
        "label": "北碚区",
        "value": 325
    }, {
        "label": "渝北区",
        "value": 326
    }, {
        "label": "巴南区",
        "value": 327
    }, {
        "label": "长寿区",
        "value": 328
    }, {
        "label": "双桥区",
        "value": 329
    }, {
        "label": "沙坪坝区",
        "value": 330
    }, {
        "label": "万盛区",
        "value": 331
    }, {
        "label": "万州区",
        "value": 332
    }, {
        "label": "涪陵区",
        "value": 333
    }, {
        "label": "黔江区",
        "value": 334
    }, {
        "label": "永川区",
        "value": 335
    }, {
        "label": "合川区",
        "value": 336
    }, {
        "label": "江津区",
        "value": 337
    }, {
        "label": "九龙坡区",
        "value": 338
    }, {
        "label": "南川区",
        "value": 339
    }, {
        "label": "綦江县",
        "value": 340
    }, {
        "label": "潼南县",
        "value": 341
    }, {
        "label": "荣昌县",
        "value": 342
    }, {
        "label": "璧山县",
        "value": 343
    }, {
        "label": "大足县",
        "value": 344
    }, {
        "label": "铜梁县",
        "value": 345
    }, {
        "label": "梁平县",
        "value": 346
    }, {
        "label": "开县",
        "value": 347
    }, {
        "label": "忠县",
        "value": 348
    }, {
        "label": "城口县",
        "value": 349
    }, {
        "label": "垫江县",
        "value": 350
    }, {
        "label": "武隆县",
        "value": 351
    }, {
        "label": "丰都县",
        "value": 352
    }, {
        "label": "奉节县",
        "value": 353
    }, {
        "label": "云阳县",
        "value": 354
    }, {
        "label": "巫溪县",
        "value": 355
    }, {
        "label": "巫山县",
        "value": 356
    }, {
        "label": "石柱土家族自治县",
        "value": 357
    }, {
        "label": "秀山土家族苗族自治县",
        "value": 358
    }, {
        "label": "酉阳土家族苗族自治县",
        "value": 359
    }, {
        "label": "彭水苗族土家族自治县",
        "value": 360
    }, {
        "label": "其他",
        "value": 361
    }]
}, {
    "label": "四川",
    "value": 23,
    "children": [{
        "label": "成都",
        "value": 362
    }, {
        "label": "自贡",
        "value": 363
    }, {
        "label": "攀枝花",
        "value": 364
    }, {
        "label": "泸州",
        "value": 365
    }, {
        "label": "德阳",
        "value": 366
    }, {
        "label": "绵阳",
        "value": 367
    }, {
        "label": "广元",
        "value": 368
    }, {
        "label": "遂宁",
        "value": 369
    }, {
        "label": "内江",
        "value": 370
    }, {
        "label": "乐山",
        "value": 371
    }, {
        "label": "南充",
        "value": 372
    }, {
        "label": "眉山",
        "value": 373
    }, {
        "label": "宜宾",
        "value": 374
    }, {
        "label": "广安",
        "value": 375
    }, {
        "label": "达州",
        "value": 376
    }, {
        "label": "雅安",
        "value": 377
    }, {
        "label": "巴中",
        "value": 378
    }, {
        "label": "资阳",
        "value": 379
    }, {
        "label": "阿坝藏族羌族自治州",
        "value": 380
    }, {
        "label": "甘孜藏族自治州",
        "value": 381
    }, {
        "label": "凉山彝族自治州",
        "value": 382
    }, {
        "label": "其他",
        "value": 383
    }]
}, {
    "label": "贵州",
    "value": 24,
    "children": [{
        "label": "贵阳",
        "value": 384
    }, {
        "label": "六盘水",
        "value": 385
    }, {
        "label": "遵义",
        "value": 386
    }, {
        "label": "安顺",
        "value": 387
    }, {
        "label": "铜仁地区",
        "value": 388
    }, {
        "label": "毕节地区",
        "value": 389
    }, {
        "label": "黔西南布依族苗族自治州",
        "value": 390
    }, {
        "label": "黔东南苗族侗族自治州",
        "value": 391
    }, {
        "label": "黔南布依族苗族自治州",
        "value": 392
    }, {
        "label": "其他",
        "value": 393
    }]
}, {
    "label": "云南",
    "value": 25,
    "children": [{
        "label": "昆明",
        "value": 394
    }, {
        "label": "曲靖",
        "value": 395
    }, {
        "label": "玉溪",
        "value": 396
    }, {
        "label": "保山",
        "value": 397
    }, {
        "label": "昭通",
        "value": 398
    }, {
        "label": "丽江",
        "value": 399
    }, {
        "label": "普洱",
        "value": 400
    }, {
        "label": "临沧",
        "value": 401
    }, {
        "label": "德宏傣族景颇族自治州",
        "value": 402
    }, {
        "label": "怒江傈僳族自治州",
        "value": 403
    }, {
        "label": "迪庆藏族自治州",
        "value": 404
    }, {
        "label": "大理白族自治州",
        "value": 405
    }, {
        "label": "楚雄彝族自治州",
        "value": 406
    }, {
        "label": "红河哈尼族彝族自治州",
        "value": 407
    }, {
        "label": "文山壮族苗族自治州",
        "value": 408
    }, {
        "label": "西双版纳傣族自治州",
        "value": 409
    }, {
        "label": "其他",
        "value": 410
    }]
}, {
    "label": "西藏",
    "value": 26,
    "children": [{
        "label": "拉萨",
        "value": 411
    }, {
        "label": "那曲地区",
        "value": 412
    }, {
        "label": "昌都地区",
        "value": 413
    }, {
        "label": "林芝地区",
        "value": 414
    }, {
        "label": "山南地区",
        "value": 415
    }, {
        "label": "日喀则地区",
        "value": 416
    }, {
        "label": "阿里地区",
        "value": 417
    }, {
        "label": "其他",
        "value": 418
    }]
}, {
    "label": "陕西",
    "value": 27,
    "children": [{
        "label": "西安",
        "value": 419
    }, {
        "label": "铜川",
        "value": 420
    }, {
        "label": "宝鸡",
        "value": 421
    }, {
        "label": "咸阳",
        "value": 422
    }, {
        "label": "渭南",
        "value": 423
    }, {
        "label": "延安",
        "value": 424
    }, {
        "label": "汉中",
        "value": 425
    }, {
        "label": "榆林",
        "value": 426
    }, {
        "label": "安康",
        "value": 427
    }, {
        "label": "商洛",
        "value": 428
    }, {
        "label": "其他",
        "value": 429
    }]
}, {
    "label": "甘肃",
    "value": 28,
    "children": [{
        "label": "兰州",
        "value": 430
    }, {
        "label": "嘉峪关",
        "value": 431
    }, {
        "label": "金昌",
        "value": 432
    }, {
        "label": "白银",
        "value": 433
    }, {
        "label": "天水",
        "value": 434
    }, {
        "label": "武威",
        "value": 435
    }, {
        "label": "酒泉",
        "value": 436
    }, {
        "label": "张掖",
        "value": 437
    }, {
        "label": "庆阳",
        "value": 438
    }, {
        "label": "平凉",
        "value": 439
    }, {
        "label": "定西",
        "value": 440
    }, {
        "label": "陇南",
        "value": 441
    }, {
        "label": "临夏回族自治州",
        "value": 442
    }, {
        "label": "甘南藏族自治州",
        "value": 443
    }, {
        "label": "其他",
        "value": 444
    }]
}, {
    "label": "青海",
    "value": 29,
    "children": [{
        "label": "西宁",
        "value": 445
    }, {
        "label": "海东地区",
        "value": 446
    }, {
        "label": "海北藏族自治州",
        "value": 447
    }, {
        "label": "海南藏族自治州",
        "value": 448
    }, {
        "label": "黄南藏族自治州",
        "value": 449
    }, {
        "label": "果洛藏族自治州",
        "value": 450
    }, {
        "label": "玉树藏族自治州",
        "value": 451
    }, {
        "label": "海西蒙古族藏族自治州",
        "value": 452
    }, {
        "label": "其他",
        "value": 453
    }]
}, {
    "label": "宁夏",
    "value": 30,
    "children": [{
        "label": "银川",
        "value": 454
    }, {
        "label": "石嘴山",
        "value": 455
    }, {
        "label": "吴忠",
        "value": 456
    }, {
        "label": "固原",
        "value": 457
    }, {
        "label": "中卫",
        "value": 458
    }, {
        "label": "其他",
        "value": 459
    }]
}, {
    "label": "新疆",
    "value": 31,
    "children": [{
        "label": "乌鲁木齐",
        "value": 460
    }, {
        "label": "克拉玛依",
        "value": 461
    }, {
        "label": "吐鲁番地区",
        "value": 462
    }, {
        "label": "哈密地区",
        "value": 463
    }, {
        "label": "和田地区",
        "value": 464
    }, {
        "label": "阿克苏地区",
        "value": 465
    }, {
        "label": "喀什地区",
        "value": 466
    }, {
        "label": "克孜勒苏柯尔克孜自治州",
        "value": 467
    }, {
        "label": "巴音郭楞蒙古自治州",
        "value": 468
    }, {
        "label": "昌吉回族自治州",
        "value": 469
    }, {
        "label": "博尔塔拉蒙古自治州",
        "value": 470
    }, {
        "label": "石河子",
        "value": 471
    }, {
        "label": "阿拉尔",
        "value": 472
    }, {
        "label": "图木舒克",
        "value": 473
    }, {
        "label": "五家渠",
        "value": 474
    }, {
        "label": "伊犁哈萨克自治州",
        "value": 475
    }, {
        "label": "其他",
        "value": 476
    }]
}, {
    "label": "台湾",
    "value": 32,
    "children": [{
        "label": "台北市",
        "value": 477
    }, {
        "label": "高雄市",
        "value": 478
    }, {
        "label": "台北县",
        "value": 479
    }, {
        "label": "桃园县",
        "value": 480
    }, {
        "label": "新竹县",
        "value": 481
    }, {
        "label": "苗栗县",
        "value": 482
    }, {
        "label": "台中县",
        "value": 483
    }, {
        "label": "彰化县",
        "value": 484
    }, {
        "label": "南投县",
        "value": 485
    }, {
        "label": "云林县",
        "value": 486
    }, {
        "label": "嘉义县",
        "value": 487
    }, {
        "label": "台南县",
        "value": 488
    }, {
        "label": "高雄县",
        "value": 489
    }, {
        "label": "屏东县",
        "value": 490
    }, {
        "label": "宜兰县",
        "value": 491
    }, {
        "label": "花莲县",
        "value": 492
    }, {
        "label": "台东县",
        "value": 493
    }, {
        "label": "澎湖县",
        "value": 494
    }, {
        "label": "基隆市",
        "value": 495
    }, {
        "label": "新竹市",
        "value": 496
    }, {
        "label": "台中市",
        "value": 497
    }, {
        "label": "嘉义市",
        "value": 498
    }, {
        "label": "台南市",
        "value": 499
    }, {
        "label": "其他",
        "value": 500
    }]
}, {
    "label": "澳门",
    "value": 33,
    "children": [{
        "label": "花地玛堂区",
        "value": 501
    }, {
        "label": "圣安多尼堂区",
        "value": 502
    }, {
        "label": "大堂区",
        "value": 503
    }, {
        "label": "望德堂区",
        "value": 504
    }, {
        "label": "风顺堂区",
        "value": 505
    }, {
        "label": "嘉模堂区",
        "value": 506
    }, {
        "label": "圣方济各堂区",
        "value": 507
    }, {
        "label": "路凼",
        "value": 508
    }, {
        "label": "其他",
        "value": 509
    }]
}, {
    "label": "香港",
    "value": 34,
    "children": [{
        "label": "中西区",
        "value": 510
    }, {
        "label": "湾仔区",
        "value": 511
    }, {
        "label": "东区",
        "value": 512
    }, {
        "label": "南区",
        "value": 513
    }, {
        "label": "深水埗区",
        "value": 514
    }, {
        "label": "油尖旺区",
        "value": 515
    }, {
        "label": "九龙城区",
        "value": 516
    }, {
        "label": "黄大仙区",
        "value": 517
    }, {
        "label": "观塘区",
        "value": 518
    }, {
        "label": "北区",
        "value": 519
    }, {
        "label": "大埔区",
        "value": 520
    }, {
        "label": "沙田区",
        "value": 521
    }, {
        "label": "西贡区",
        "value": 522
    }, {
        "label": "元朗区",
        "value": 523
    }, {
        "label": "屯门区",
        "value": 524
    }, {
        "label": "荃湾区",
        "value": 525
    }, {
        "label": "葵青区",
        "value": 526
    }, {
        "label": "离岛区",
        "value": 527
    }, {
        "label": "其他",
        "value": 528
    }]
}]