[{
    "title": "首页",
    "name": "home",
    "icon": "ios-home",
    "path": "home"
}, {
    "title": " 房间管理",
    "icon": "ios-apps",
    "name": "room",
    "children": [{
        "title": "社区管理",
        "icon": "md-time",
        "name": "community",
        "path": "community"
    }, {
        "title": "房间管理",
        "icon": "ios-create",
        "name": "room",
        "path": "room"
    }]
}, {
    "title": "学校管理",
    "icon": "ios-book",
    "name": "university",
    "path": "university"
}, {
    "title": "预约管理",
    "icon": "ios-book",
    "name": "order",
    "path": "order"
}, {
    "title": "管理员管理",
    "icon": "md-lock",
    "name": "admin",
    "path": "admin",
    "auth": true
}, {
    "title": "个人信息",
    "icon": "md-contact",
    "name": "user",
    "path": "user"
}]

